date,sptr_index_level,monthly_spx_total_return,monthly_1m_tbill_return,10y_us_govt_yield
1943-04-30,11.6501,,,0.024725
1943-05-31,12.1124,0.039682063,0.000240022,0.02473333
1943-06-30,12.6452,0.043987979,0.000320038,0.02474167
1943-07-30,12.1332,-0.040489672,0.000280029,0.02475
1943-08-31,12.082,-0.004219827,0.000280029,0.02475833
1943-09-30,12.4916,0.033901672,0.000280029,0.02476667
1943-10-29,12.3158,-0.014073457,0.000280029,0.024775
1943-11-30,11.3955,-0.07472515,0.000280029,0.02478333
1943-12-31,12.2744,0.077126936,0.000280029,0.02479167
1944-01-31,12.4638,0.015430489,0.000280029,0.0248
1944-02-29,12.4322,-0.002535342,0.000280029,0.02470833
1944-03-31,12.7162,0.022843905,0.000240022,0.02461667
1944-04-28,12.5575,-0.012480143,0.000280029,0.024525
1944-05-31,13.0653,0.040437985,0.000240022,0.02443333
1944-06-30,13.9857,0.070446144,0.000280029,0.02434167
1944-07-31,13.6948,-0.020799817,0.000280029,0.02425
1944-08-31,13.8133,0.008652919,0.000280029,0.02415833
1944-09-29,13.8672,0.003902036,0.000240022,0.02406667
1944-10-31,13.9107,0.003136899,0.000320038,0.023975
1944-11-30,13.9651,0.003910659,0.000280029,0.02388333
1944-12-29,14.6726,0.050662007,0.000240022,0.02379167
1945-01-31,14.8826,0.014312392,0.000240022,0.0237
1945-02-28,15.7996,0.061615578,0.000240022,0.02355
1945-03-30,15.0373,-0.048248057,0.000240022,0.0234
1945-04-30,16.4932,0.096819243,0.000280029,0.02325
1945-05-31,16.6821,0.011453205,0.000280029,0.0231
1945-06-29,16.7933,0.006665827,0.000240022,0.02295
1945-07-31,16.5561,-0.014124681,0.000320038,0.0228
1945-08-31,17.516,0.05797863,0.000280029,0.02265
1945-09-28,18.284,0.043845627,0.000280029,0.0225
1945-10-31,18.9675,0.037382411,0.000320038,0.02235
1945-11-30,19.5827,0.032434427,0.000240022,0.0222
1945-12-31,20.0042,0.0215241,0.000320038,0.02205
1946-01-31,21.3985,0.069700363,0.000280029,0.0219
1946-02-28,19.912,-0.069467486,0.000280029,0.02195
1946-03-29,20.903,0.049768984,0.000280029,0.022
1946-04-30,21.7372,0.039908147,0.000280029,0.02205
1946-05-31,22.2239,0.022390188,0.000280029,0.0221
1946-06-28,21.633,-0.026588493,0.000280029,0.02215
1946-07-31,21.0813,-0.025502704,0.000320038,0.0222
1946-08-30,19.5436,-0.072941422,0.000280029,0.02225
1946-09-30,17.736,-0.092490636,0.000280029,0.0223
1946-10-31,17.5937,-0.00802323,0.000280029,0.02235
1946-11-29,17.404,-0.010782269,0.000280029,0.0224
1946-12-31,18.3999,0.057222478,0.000320038,0.02245
1947-01-31,18.8328,0.023527302,0.000280029,0.0225
1947-02-28,18.5562,-0.014687142,0.000280029,0.02265833
1947-03-31,18.3758,-0.009721818,0.000280029,0.02281667
1947-04-30,17.6612,-0.038888103,0.000280029,0.022975
1947-05-30,17.5037,-0.008917854,0.000280029,0.02313333
1947-06-30,18.7635,0.071973354,0.000320038,0.02329167
1947-07-31,19.442,0.036160631,0.000280029,0.02345
1947-08-29,18.8992,-0.027918938,0.000280029,0.02360833
1947-09-30,18.8621,-0.001963046,0.000640154,0.02376667
1947-10-31,19.2616,0.021180038,0.000640154,0.023925
1947-11-28,18.6999,-0.029161648,0.000640154,0.02408333
1947-12-31,19.4364,0.039385237,0.00080024,0.02424167
1948-01-30,18.6488,-0.040521907,0.000720194,0.0244
1948-02-27,17.696,-0.051091759,0.000720194,0.02429167
1948-03-31,19.3093,0.091167495,0.00088029,0.02418333
1948-04-30,19.8215,0.026526078,0.00080024,0.024075
1948-05-31,21.3709,0.078167646,0.000760217,0.02396667
1948-06-30,21.7934,0.019769874,0.000920317,0.02385833
1948-07-30,20.6348,-0.053162884,0.00080024,0.02375
1948-08-31,20.791,0.007569737,0.000840265,0.02364167
1948-09-30,20.4265,-0.017531624,0.000360049,0.02353333
1948-10-29,21.7583,0.065199618,0.00040006,0.023425
1948-11-30,19.4506,-0.106060676,0.00040006,0.02331667
1948-12-31,20.4792,0.052882687,0.000440073,0.02320833
1949-01-31,20.5062,0.001318411,0.000960346,0.0231
1949-02-28,19.6978,-0.039422224,0.00088029,0.02310833
1949-03-31,20.5196,0.041720395,0.000960346,0.02311667
1949-04-29,20.0427,-0.023241194,0.000920317,0.023125
1949-05-31,19.3342,-0.035349529,0.001000375,0.02313333
1949-06-30,19.7021,0.019028457,0.000960346,0.02314167
1949-07-29,20.9265,0.06214566,0.00088029,0.02315
1949-08-31,21.177,0.011970468,0.000920317,0.02315833
1949-09-30,22.4849,0.0617604,0.00088029,0.02316667
1949-10-31,23.1488,0.029526482,0.00088029,0.023175
1949-11-30,23.1776,0.001244125,0.000840265,0.02318333
1949-12-30,25.3136,0.092157946,0.00088029,0.02319167
1950-01-31,25.7055,0.015481796,0.000920317,0.0232
1950-02-28,25.9618,0.009970629,0.000840265,0.02340833
1950-03-31,26.5197,0.021489265,0.000960346,0.02361667
1950-04-28,27.5473,0.038748553,0.000840265,0.023825
1950-05-31,28.8051,0.045659647,0.001040406,0.02403333
1950-06-30,27.7774,-0.03567771,0.000960346,0.02424167
1950-07-31,28.0129,0.008478115,0.001000375,0.02445
1950-08-31,28.9237,0.032513592,0.000960346,0.02465833
1950-09-29,31.1377,0.076546223,0.001000375,0.02486667
1950-10-31,31.2658,0.004113984,0.001160505,0.025075
1950-11-30,31.2338,-0.001023483,0.001040406,0.02528333
1950-12-29,33.5711,0.074832393,0.00112047,0.02549167
1951-01-31,35.5923,0.060206547,0.001240577,0.0257
1951-02-28,35.8223,0.006462072,0.001040406,0.02579167
1951-03-30,35.7073,-0.003210291,0.001080437,0.02588333
1951-04-30,37.2865,0.044226251,0.001280615,0.025975
1951-05-31,35.7738,-0.040569643,0.001240577,0.02606667
1951-06-29,35.4912,-0.007899636,0.001160505,0.02615833
1951-07-31,37.9295,0.068701537,0.001360694,0.02625
1951-08-31,39.4196,0.039286044,0.001320654,0.02634167
1951-09-28,39.9106,0.012455733,0.00120054,0.02643333
1951-10-31,39.3616,-0.013755744,0.001560913,0.026525
1951-11-30,39.2586,-0.002616764,0.001080437,0.02661667
1951-12-31,41.575,0.059003632,0.001240577,0.02670833
1952-01-31,42.2222,0.015567048,0.001560913,0.0268
1952-02-29,40.683,-0.036454756,0.001160505,0.026925
1952-03-31,43.0792,0.058899295,0.001080437,0.02705
1952-04-30,41.2231,-0.043085758,0.001160505,0.027175
1952-05-30,42.1777,0.023156919,0.001320654,0.0273
1952-06-30,44.8646,0.06370428,0.001480822,0.027425
1952-07-31,45.6555,0.017628598,0.001520867,0.02755
1952-08-29,44.9904,-0.014567796,0.001480822,0.027675
1952-09-30,44.6669,-0.007190423,0.001641009,0.0278
1952-10-31,44.6305,-0.000814921,0.001400735,0.027925
1952-11-28,46.7055,0.046492869,0.001040406,0.02805
1952-12-31,49.1263,0.051831155,0.001641009,0.028175
1953-01-30,48.775,-0.007150956,0.00160096,0.0283
1953-02-27,47.8875,-0.018195797,0.001400735,0.02800833
1953-03-31,47.2404,-0.013512921,0.00184127,0.02771667
1953-04-30,45.9888,-0.026494272,0.00160096,0.0283
1953-05-29,45.8394,-0.003248617,0.00172111,0.0305
1953-06-30,45.8954,0.001221656,0.00184127,0.0311
1953-07-31,47.0552,0.025270506,0.001440778,0.0293
1953-08-31,44.3364,-0.057778949,0.001681059,0.0295
1953-09-30,44.9829,0.014581698,0.00160096,0.0287
1953-10-30,47.2753,0.050961588,0.001240577,0.0266
1953-11-30,47.6992,0.008966627,0.000760217,0.0268
1953-12-31,48.6624,0.020193211,0.001280615,0.0259
1954-01-29,51.1534,0.051189419,0.001080437,0.0248
1954-02-26,51.2907,0.002684084,0.000720194,0.0247
1954-03-31,53.3894,0.040917749,0.000760217,0.0237
1954-04-30,56.0053,0.048996617,0.00088029,0.0229
1954-05-31,57.8484,0.032909385,0.000520101,0.0237
1954-06-30,58.7006,0.014731609,0.000600135,0.0238
1954-07-30,62.0566,0.057171477,0.000520101,0.023
1954-08-31,59.9465,-0.03400283,0.000480086,0.0236
1954-09-30,65.5935,0.094200662,0.00088029,0.0238
1954-10-29,64.3145,-0.019498883,0.000680173,0.0243
1954-11-30,69.5117,0.080809149,0.000640154,0.0248
1954-12-31,74.0998,0.066004716,0.000840265,0.0251
1955-01-31,75.4384,0.018064826,0.00080024,0.0261
1955-02-28,75.7061,0.003548591,0.000840265,0.0265
1955-03-31,75.9533,0.003265259,0.001000375,0.0268
1955-04-29,78.8187,0.037725813,0.001040406,0.0275
1955-05-31,78.7148,-0.001318215,0.001400735,0.0276
1955-06-30,86.0652,0.093380152,0.001040406,0.0278
1955-07-29,91.2882,0.060686549,0.001000375,0.029
1955-08-31,90.575,-0.00781262,0.00160096,0.0297
1955-09-30,92.4,0.020149048,0.00160096,0.0297
1955-10-31,89.5858,-0.03045671,0.001801215,0.0288
1955-11-30,96.2931,0.074870125,0.001681059,0.0289
1955-12-30,97.3722,0.01120641,0.001801215,0.0296
1956-01-31,93.8182,-0.036499124,0.002201816,0.029
1956-02-29,97.0725,0.034687299,0.001921383,0.0284
1956-03-30,103.7952,0.069254423,0.001520867,0.0296
1956-04-30,104.4211,0.006030144,0.00184127,0.0318
1956-05-31,97.5576,-0.065729053,0.002322019,0.0307
1956-06-29,102.4355,0.050000205,0.002001501,0.03
1956-07-31,107.7132,0.051522177,0.00216175,0.0311
1956-08-31,103.6131,-0.038064973,0.001641009,0.0333
1956-09-28,99.8184,-0.036623747,0.00184127,0.0338
1956-10-31,100.3247,0.005072211,0.002482307,0.0334
1956-11-30,99.2241,-0.010970379,0.002041561,0.0349
1956-12-31,103.6923,0.045031399,0.002362089,0.0359
1957-01-31,99.3597,-0.041783238,0.002682695,0.0346
1957-02-28,96.1159,-0.032647039,0.002402161,0.0334
1957-03-29,98.8487,0.028432341,0.002322019,0.0341
1957-04-30,102.5015,0.036953445,0.002522382,0.0348
1957-05-31,106.2887,0.036947752,0.002562459,0.036
1957-06-28,107.2523,0.009065874,0.002402161,0.038
1957-07-31,108.475,0.011400222,0.002963287,0.0393
1957-08-30,102.3844,-0.056147499,0.002522382,0.0393
1957-09-30,97.0637,-0.051967878,0.002562459,0.0392
1957-10-31,93.9518,-0.032060389,0.002883112,0.0397
1957-11-29,95.462,0.0160742,0.002762858,0.0372
1957-12-31,92.5789,-0.030201546,0.002402161,0.0321
1958-01-31,96.5376,0.042760283,0.002762858,0.0309
1958-02-28,94.5467,-0.020623053,0.00120054,0.0305
1958-03-31,98.2971,0.03966717,0.000960346,0.0298
1958-04-30,101.4258,0.031829016,0.00080024,0.0288
1958-05-30,102.9434,0.014962662,0.001080437,0.0292
1958-06-30,106.6792,0.036289845,0.000280029,0.0297
1958-07-31,111.2774,0.04310306,0.000680173,0.032
1958-08-29,112.5979,0.01186674,0.000440073,0.0354
1958-09-30,119.1062,0.057801256,0.001921383,0.0376
1958-10-31,122.1279,0.025369796,0.00184127,0.038
1958-11-28,124.864,0.022403562,0.001080437,0.0374
1958-12-31,132.5253,0.061357157,0.002241882,0.0386
1959-01-30,133.0294,0.003803802,0.002041561,0.0402
1959-02-27,133.0054,-0.000180411,0.001881326,0.0396
1959-03-31,133.9895,0.007398948,0.00216175,0.0399
1959-04-30,139.1857,0.038780651,0.002001501,0.0412
1959-05-29,141.8201,0.018927232,0.002201816,0.0431
1959-06-30,142.4485,0.004430966,0.002442234,0.0434
1959-07-31,147.4184,0.0348891,0.002522382,0.044
1959-08-31,145.2014,-0.015038828,0.00184127,0.0443
1959-09-30,139.7198,-0.037751702,0.003083559,0.0468
1959-10-30,141.2919,0.011251805,0.003003377,0.0453
1959-11-30,143.1588,0.013213072,0.002562459,0.0453
1959-12-31,148.3664,0.036376388,0.003364236,0.0469
1960-01-29,137.7635,-0.071464294,0.003324136,0.0472
1960-02-29,139.0269,0.009170789,0.002883112,0.0449
1960-03-31,138.3085,-0.005167345,0.003484544,0.0425
1960-04-29,135.8842,-0.017528207,0.001961441,0.0428
1960-05-31,139.5331,0.026853012,0.002722776,0.0435
1960-06-30,143.4569,0.028120926,0.002402161,0.0415
1960-07-29,139.9033,-0.024771203,0.001320654,0.039
1960-08-31,143.5577,0.026120899,0.001641009,0.038
1960-09-30,136.0724,-0.052141404,0.001560913,0.038
1960-10-31,135.7418,-0.002429589,0.00216175,0.0389
1960-11-30,141.2081,0.040269836,0.001320654,0.0393
1960-12-30,149.0389,0.055455742,0.001560913,0.0384
1961-01-31,158.4516,0.063155995,0.001881326,0.0384
1961-02-28,162.7091,0.026869404,0.001440778,0.0378
1961-03-31,166.8641,0.025536371,0.002041561,0.0374
1961-04-28,168.7503,0.01130381,0.001761162,0.0378
1961-05-31,171.9801,0.019139522,0.001761162,0.0371
1961-06-30,168.2593,-0.021635061,0.002001501,0.0388
1961-07-31,173.7777,0.032796998,0.00184127,0.0392
1961-08-31,177.1877,0.019622771,0.001400735,0.0404
1961-09-29,174.9751,-0.012487323,0.001681059,0.0398
1961-10-31,179.931,0.028323459,0.00184127,0.0392
1961-11-30,187.0107,0.03934675,0.001560913,0.0394
1961-12-29,189.1084,0.011217005,0.001881326,0.0406
1962-01-31,181.9458,-0.037875631,0.002402161,0.0408
1962-02-28,184.906,0.01626968,0.002001501,0.0404
1962-03-30,185.1439,0.0012866,0.002041561,0.0393
1962-04-30,173.6706,-0.061969636,0.002241882,0.0384
1962-05-31,158.7366,-0.085990375,0.002402161,0.0387
1962-06-29,147.0769,-0.073453129,0.001961441,0.0391
1962-07-31,156.4254,0.063561987,0.002642615,0.0401
1962-08-31,158.8162,0.015283963,0.002362089,0.0398
1962-09-28,152.5302,-0.039580345,0.002081623,0.0398
1962-10-31,153.2079,0.004443055,0.002562459,0.0393
1962-11-30,168.7672,0.101556774,0.002001501,0.0392
1962-12-31,172.7248,0.023450054,0.002322019,0.0386
1963-01-31,181.2105,0.04912844,0.002522382,0.0383
1963-02-28,175.9822,-0.028852081,0.00228195,0.0392
1963-03-29,183.6467,0.0435527,0.00228195,0.0393
1963-04-30,192.5573,0.048520338,0.002522382,0.0397
1963-05-31,195.316,0.014326645,0.002442234,0.0393
1963-06-28,192.8883,-0.012429601,0.00228195,0.0399
1963-07-31,192.221,-0.003459515,0.002682695,0.0402
1963-08-30,201.5915,0.048748576,0.002482307,0.04
1963-09-30,200.813,-0.00386177,0.002722776,0.0408
1963-10-31,207.2827,0.032217536,0.002923199,0.0411
1963-11-29,205.0981,-0.01053923,0.002722776,0.0412
1963-12-31,212.0439,0.033865745,0.002923199,0.0413
1964-01-31,217.7535,0.0269265,0.002963287,0.0417
1964-02-28,219.9016,0.009864824,0.002642615,0.0415
1964-03-31,224.848,0.022493697,0.003123652,0.0422
1964-04-30,226.2145,0.006077439,0.002923199,0.0423
1964-05-29,228.8052,0.011452405,0.002562459,0.042
1964-06-30,234.2712,0.023889317,0.003043467,0.0417
1964-07-31,238.5442,0.018239545,0.002963287,0.0419
1964-08-31,234.6727,-0.016229697,0.002843026,0.0419
1964-09-30,243.0754,0.03580604,0.002802941,0.042
1964-10-30,245.0389,0.00807774,0.002923199,0.0419
1964-11-30,243.7684,-0.005184891,0.002883112,0.0415
1964-12-31,246.887,0.012793291,0.003123652,0.0418
1965-01-29,255.0728,0.033156059,0.002843026,0.0419
1965-02-26,254.6941,-0.001484674,0.002963287,0.0421
1965-03-31,252.8006,-0.007434409,0.003604863,0.0421
1965-04-30,261.4562,0.034238843,0.003043467,0.042
1965-05-31,259.4316,-0.007743553,0.003123652,0.0421
1965-06-30,248.7516,-0.04116692,0.003524649,0.0421
1965-07-30,252.0931,0.013433079,0.003083559,0.042
1965-08-31,257.7707,0.022521838,0.003284037,0.0425
1965-09-30,267.884,0.039233707,0.003123652,0.0429
1965-10-29,275.2095,0.027345791,0.003163747,0.0435
1965-11-30,272.7974,-0.008764596,0.003484544,0.0445
1965-12-31,277.6513,0.017793058,0.003324136,0.0462
1966-01-31,279.003,0.004868337,0.003805418,0.0461
1966-02-28,274.0165,-0.017872568,0.003484544,0.0483
1966-03-31,270.0814,-0.014360814,0.003845533,0.0487
1966-04-29,275.6205,0.020509002,0.003404337,0.0475
1966-05-31,260.6983,-0.054140385,0.00412637,0.0478
1966-06-30,258.6401,-0.00789495,0.003765305,0.0481
1966-07-29,255.1606,-0.013453057,0.003524649,0.0502
1966-08-31,235.3216,-0.077751032,0.004086247,0.0522
1966-09-30,235.7794,0.001945423,0.004006004,0.0518
1966-10-31,246.9894,0.047544442,0.004527667,0.0501
1966-11-30,247.7593,0.003117138,0.003965884,0.0516
1966-12-30,249.8227,0.008328244,0.004006004,0.0484
1967-01-31,269.3532,0.078177443,0.004327003,0.0458
1967-02-28,269.8819,0.00196285,0.003564755,0.0463
1967-03-31,282.726,0.047591558,0.003885649,0.0454
1967-04-28,294.6682,0.042239483,0.003243939,0.0459
1967-05-31,279.2155,-0.052441017,0.003324136,0.0485
1967-06-30,286.3306,0.025482468,0.002642615,0.0502
1967-07-31,299.3141,0.045344438,0.003163747,0.0516
1967-08-31,295.8076,-0.011715118,0.003123652,0.0528
1967-09-29,307.7486,0.040367455,0.003203842,0.053
1967-10-31,298.8066,-0.029056184,0.003925766,0.0548
1967-11-30,299.1249,0.001065238,0.003564755,0.0575
1967-12-29,309.4988,0.034680831,0.003324136,0.057
1968-01-31,295.9279,-0.043847989,0.004046125,0.0553
1968-02-29,286.6882,-0.031222808,0.003885649,0.0556
1968-03-29,291.7572,0.01768123,0.003805418,0.0574
1968-04-30,315.6606,0.081929083,0.004286874,0.0564
1968-05-31,319.1863,0.011169275,0.004447398,0.0587
1968-06-28,324.5233,0.016720642,0.004246746,0.0572
1968-07-31,318.5269,-0.018477564,0.004768503,0.055
1968-08-30,322.1769,0.011459001,0.00420662,0.0542
1968-09-30,337.0375,0.046125591,0.004246746,0.0546
1968-10-31,339.4668,0.007207803,0.004367134,0.0558
1968-11-29,355.7491,0.047964337,0.004246746,0.057
1968-12-31,343.6687,-0.03395764,0.004286874,0.0603
1969-01-31,340.856,-0.008184336,0.005250306,0.0604
1969-02-28,324.7083,-0.047373964,0.004607941,0.0619
1969-03-31,335.8926,0.034444146,0.00464808,0.063
1969-04-30,345.7286,0.02928317,0.005330623,0.0617
1969-05-30,344.9618,-0.002217925,0.004848792,0.0632
1969-06-30,328.3905,-0.048038073,0.005129839,0.0657
1969-07-31,308.6286,-0.06017805,0.005330623,0.0672
1969-08-29,320.9966,0.040074057,0.005049534,0.0669
1969-09-30,315.552,-0.01696155,0.00621443,0.0716
1969-10-31,329.5133,0.044244055,0.005973334,0.071
1969-11-28,317.8902,-0.035273538,0.005169993,0.0714
1969-12-31,314.8065,-0.009700519,0.006415376,0.0765
1970-01-30,291.6218,-0.073647463,0.006053694,0.0779
1970-02-27,307.8801,0.055751319,0.006174244,0.0724
1970-03-31,309.2217,0.00435754,0.00569211,0.0707
1970-04-30,282.1739,-0.087470575,0.005049534,0.0739
1970-05-29,265.8707,-0.057777137,0.005250306,0.0791
1970-06-30,253.4715,-0.046636203,0.005812627,0.0784
1970-07-31,272.9559,0.076870181,0.005250306,0.0746
1970-08-31,286.0004,0.047789771,0.005330623,0.0753
1970-09-30,296.35,0.036187362,0.005370783,0.0739
1970-10-30,293.8866,-0.008312468,0.004607941,0.0733
1970-11-30,308.7486,0.050570526,0.004567804,0.0684
1970-12-31,327.1956,0.059747639,0.004246746,0.0639
1971-01-29,341.3273,0.043190373,0.003805418,0.0624
1971-02-26,345.3145,0.011681456,0.003324136,0.0611
1971-03-31,358.9129,0.039379754,0.002963287,0.057
1971-04-30,372.8673,0.038879628,0.002762858,0.0583
1971-05-31,357.3715,-0.041558485,0.002923199,0.0639
1971-06-30,359.4933,0.005937239,0.003725193,0.0652
1971-07-30,345.5751,-0.03871616,0.004006004,0.0673
1971-08-31,358.9889,0.038815875,0.00468822,0.0658
1971-09-30,357.3938,-0.004443313,0.003685082,0.0614
1971-10-29,343.4019,-0.039149812,0.003685082,0.0593
1971-11-30,343.4748,0.000212288,0.003725193,0.0581
1971-12-31,373.9888,0.088839123,0.003685082,0.0593
1972-01-31,381.6818,0.020570135,0.002883112,0.0595
1972-02-29,392.2576,0.027708421,0.002482307,0.0608
1972-03-31,394.5764,0.005911421,0.002722776,0.0607
1972-04-28,398.192,0.009163244,0.002883112,0.0619
1972-05-31,406.0323,0.019689748,0.003003377,0.0613
1972-06-30,398.1363,-0.019446729,0.002923199,0.0611
1972-07-31,400.0315,0.004760179,0.003123652,0.0611
1972-08-31,414.7826,0.036874846,0.002843026,0.0621
1972-09-29,413.7372,-0.002520356,0.003404337,0.0655
1972-10-31,418.6399,0.011849793,0.003965884,0.0648
1972-11-30,438.7878,0.048127042,0.003725193,0.0628
1972-12-29,445.0309,0.014228062,0.003765305,0.0636
1973-01-31,438.396,-0.014908852,0.004367134,0.0646
1973-02-28,422.9427,-0.035249637,0.004166494,0.0664
1973-03-30,423.2836,0.000806019,0.004567804,0.0671
1973-04-30,407.0764,-0.038289223,0.005210149,0.0667
1973-05-31,400.4548,-0.016266234,0.005089686,0.0685
1973-06-29,398.8522,-0.00400195,0.005129839,0.069
1973-07-31,415.0726,0.040667696,0.006375185,0.0713
1973-08-31,400.9198,-0.034097168,0.006978187,0.074
1973-09-28,418.0334,0.042685844,0.00681736,0.0709
1973-10-31,418.7273,0.001659915,0.006535959,0.0679
1973-11-30,372.288,-0.110905833,0.005571603,0.0673
1973-12-31,379.6593,0.019799994,0.006375185,0.0674
1974-01-31,376.9349,-0.007175907,0.006254617,0.0699
1974-02-28,376.6617,-0.000724794,0.005812627,0.0696
1974-03-29,368.9499,-0.020474075,0.005571603,0.0721
1974-04-30,355.7199,-0.035858527,0.007541233,0.0751
1974-05-31,344.9667,-0.030229402,0.007541233,0.0758
1974-06-28,341.0539,-0.011342544,0.006013514,0.0754
1974-07-31,315.7524,-0.074186221,0.007058607,0.0781
1974-08-30,288.4809,-0.08636989,0.005933155,0.0804
1974-09-30,255.2546,-0.115176776,0.008064273,0.0804
1974-10-31,298.1586,0.168083161,0.005049534,0.079
1974-11-29,283.5936,-0.04884984,0.005370783,0.0768
1974-12-31,279.1758,-0.015577926,0.006978187,0.0743
1975-01-31,314.6835,0.1271876,0.005812627,0.075
1975-02-28,334.7549,0.063782817,0.004367134,0.0739
1975-03-31,343.2479,0.025370801,0.00412637,0.0773
1975-04-30,360.748,0.050983852,0.004367134,0.0823
1975-05-30,377.9382,0.047651546,0.004367134,0.0806
1975-06-30,395.9748,0.047723675,0.004086247,0.0786
1975-07-31,370.475,-0.064397532,0.004848792,0.0806
1975-08-29,363.963,-0.017577434,0.004808647,0.084
1975-09-30,352.6101,-0.031192456,0.005250306,0.0843
1975-10-31,375.6494,0.065339308,0.005571603,0.0814
1975-11-28,386.2388,0.028189583,0.004086247,0.0805
1975-12-31,383.1062,-0.008110526,0.004848792,0.08
1976-01-30,429.7467,0.121743005,0.00468822,0.0774
1976-02-27,426.125,-0.008427523,0.003364236,0.0779
1976-03-31,440.4844,0.033697624,0.004006004,0.0773
1976-04-30,437.0555,-0.007784385,0.00420662,0.0756
1976-05-31,432.1965,-0.011117581,0.003725193,0.079
1976-06-30,451.3515,0.044320118,0.004367134,0.0786
1976-07-30,449.1874,-0.004794711,0.00464808,0.0783
1976-08-31,448.3623,-0.001836873,0.00420662,0.0777
1976-09-30,459.9515,0.025847847,0.004367134,0.0759
1976-10-29,451.3853,-0.018624138,0.004086247,0.0741
1976-11-30,449.5429,-0.004081657,0.003965884,0.0729
1976-12-31,474.7719,0.056121451,0.004046125,0.0687
1977-01-31,452.3278,-0.047273438,0.003604863,0.0721
1977-02-28,444.0819,-0.018229921,0.003524649,0.0739
1977-03-31,439.4107,-0.01051878,0.003765305,0.0746
1977-04-29,441.2412,0.004165807,0.003765305,0.0737
1977-05-31,432.5903,-0.01960583,0.003725193,0.0746
1977-06-30,453.9677,0.049417197,0.004006004,0.0728
1977-07-29,448.3203,-0.012440092,0.004166494,0.0733
1977-08-31,440.6102,-0.017197749,0.004407265,0.074
1977-09-30,441.2931,0.001549896,0.004327003,0.0734
1977-10-31,424.104,-0.038951663,0.004929085,0.0752
1977-11-30,437.5152,0.031622432,0.005009383,0.0758
1977-12-30,440.7909,0.007487054,0.004848792,0.0769
1978-01-31,415.4836,-0.05741339,0.004888938,0.0796
1978-02-28,407.0576,-0.020279982,0.004607941,0.0803
1978-03-31,419.0299,0.029411808,0.005290464,0.0804
1978-04-28,456.8417,0.09023652,0.005370783,0.0815
1978-05-31,461.0407,0.009191368,0.005089686,0.0835
1978-06-30,454.6906,-0.013773404,0.005370783,0.0846
1978-07-31,481.202,0.058306462,0.005571603,0.0864
1978-08-31,495.6839,0.030095261,0.005531437,0.0841
1978-09-29,494.1003,-0.003194778,0.006174244,0.0842
1978-10-31,451.0219,-0.087185537,0.00681736,0.0864
1978-11-30,460.7057,0.021470798,0.007018396,0.0881
1978-12-29,469.7544,0.019640955,0.007822845,0.0901
1979-01-31,490.5759,0.044324226,0.007702147,0.091
1979-02-28,474.8173,-0.032122654,0.007340118,0.091
1979-03-30,503.1249,0.059617878,0.008144759,0.0912
1979-04-30,506.2945,0.006299827,0.007943553,0.0918
1979-05-31,495.2989,-0.021717795,0.008144759,0.0925
1979-06-29,516.8445,0.043500198,0.008104515,0.0891
1979-07-31,523.7753,0.013409836,0.007661916,0.0895
1979-08-31,553.9979,0.057701461,0.007661916,0.0903
1979-09-28,556.3797,0.004299294,0.008305745,0.0933
1979-10-31,520.7535,-0.064032171,0.008708294,0.103
1979-11-30,545.5075,0.047534966,0.009876369,0.1065
1979-12-31,557.172,0.021382841,0.009513755,0.1039
1980-01-31,591.8081,0.062164107,0.007983792,0.108
1980-02-29,591.7563,-8.75E-05,0.008869348,0.1241
1980-03-31,534.2258,-0.09721992,0.012054108,0.1275
1980-04-30,558.9251,0.046233821,0.012538528,0.1147
1980-05-30,587.689,0.051462888,0.008104515,0.1018
1980-06-30,606.2855,0.031643437,0.006093876,0.0978
1980-07-31,648.4771,0.069590317,0.005290464,0.1025
1980-08-29,655.0327,0.010109224,0.006375185,0.111
1980-09-30,674.3015,0.029416547,0.007541233,0.1151
1980-10-31,687.9531,0.020245543,0.009513755,0.1175
1980-11-28,761.2441,0.106534879,0.00955404,0.1268
1980-12-31,738.2746,-0.030173633,0.013063512,0.1284
1981-01-30,707.3863,-0.041838497,0.010360007,0.1257
1981-02-27,719.672,0.017367738,0.010682529,0.1319
1981-03-31,748.4545,0.039993914,0.01209447,0.1312
1981-04-30,733.9807,-0.01933825,0.010763171,0.1368
1981-05-29,735.8598,0.002560149,0.011529516,0.141
1981-06-30,731.2533,-0.006260024,0.013467486,0.1347
1981-07-31,732.7581,0.002057837,0.012417407,0.1428
1981-08-31,690.4448,-0.05774525,0.012821187,0.1494
1981-09-30,656.4259,-0.049270992,0.012457779,0.1532
1981-10-30,691.8518,0.053967858,0.012054108,0.1515
1981-11-30,720.4023,0.041266786,0.010682529,0.1339
1981-12-31,701.929,-0.025643033,0.008748556,0.1372
1982-01-29,692.7647,-0.013055879,0.007943553,0.1459
1982-02-26,654.0412,-0.055897046,0.009231789,0.1443
1982-03-31,650.6296,-0.005216185,0.00979578,0.1386
1982-04-30,680.0346,0.045194685,0.011287465,0.1387
1982-05-31,653.4032,-0.039161831,0.010601891,0.1362
1982-06-30,647.0037,-0.009794106,0.00955404,0.143
1982-07-30,635.4932,-0.01779047,0.010521258,0.1395
1982-08-31,712.6378,0.121393274,0.007621687,0.1306
1982-09-30,721.5227,0.012467624,0.005129839,0.1234
1982-10-29,804.5679,0.115097141,0.005892978,0.1091
1982-11-30,837.0611,0.040385902,0.006334994,0.1055
1982-12-31,853.1933,0.019272428,0.006736953,0.1054
1983-01-31,884.9211,0.037187118,0.006857565,0.1046
1983-02-28,905.2018,0.022918088,0.006174244,0.1072
1983-03-31,938.644,0.036944469,0.006334994,0.1051
1983-04-29,1012.5892,0.078778749,0.007139033,0.104
1983-05-31,1003.7825,-0.008697209,0.006897771,0.1038
1983-06-30,1042.8484,0.03891869,0.006656552,0.1085
1983-07-29,1012.0797,-0.02950448,0.00742056,0.1138
1983-08-31,1027.2708,0.015009786,0.007621687,0.1185
1983-09-30,1041.4552,0.013807849,0.007621687,0.1165
1983-10-31,1029.4145,-0.011561419,0.007621687,0.1154
1983-11-30,1051.1294,0.021094418,0.007018396,0.1169
1983-12-30,1045.6337,-0.005228376,0.00725968,0.1183
1984-01-31,1039.8011,-0.005578053,0.00758146,0.1167
1984-02-29,1003.213,-0.035187595,0.007139033,0.1184
1984-03-30,1020.5869,0.017318256,0.007299899,0.1232
1984-04-30,1030.2683,0.00948611,0.008144759,0.1263
1984-05-31,973.235,-0.055357716,0.007822845,0.1341
1984-06-29,994.374,0.021720345,0.007541233,0.1356
1984-07-31,982.0401,-0.012403683,0.008185004,0.1336
1984-08-31,1090.5038,0.110447323,0.008305745,0.1272
1984-09-28,1090.7655,0.000239981,0.008587517,0.1252
1984-10-31,1094.9683,0.003853074,0.009956963,0.1216
1984-11-30,1082.7061,-0.01119868,0.007340118,0.1157
1984-12-31,1111.2332,0.026347963,0.006415376,0.115
1985-01-31,1197.8116,0.077911999,0.006455569,0.1138
1985-02-28,1212.4816,0.012247335,0.005772454,0.1151
1985-03-29,1213.2847,0.000662361,0.006174244,0.1186
1985-04-30,1212.143,-0.000940999,0.007179248,0.1143
1985-05-31,1282.1767,0.057776764,0.006616353,0.1085
1985-06-28,1302.2667,0.015668667,0.005531437,0.1016
1985-07-31,1300.3661,-0.001459455,0.006254617,0.1031
1985-08-30,1289.196,-0.008589966,0.005491272,0.1033
1985-09-30,1248.8723,-0.031278176,0.006053694,0.1037
1985-10-31,1306.5558,0.046188469,0.006495763,0.1024
1985-11-29,1396.1742,0.06859133,0.006093876,0.0978
1985-12-31,1463.7143,0.048375124,0.006495763,0.0926
1986-01-31,1471.8892,0.005585038,0.005571603,0.0919
1986-02-28,1581.909,0.074747338,0.005290464,0.087
1986-03-31,1670.1647,0.05579063,0.005973334,0.0778
1986-04-30,1651.3587,-0.011259967,0.005210149,0.073
1986-05-30,1739.2133,0.053201403,0.004929085,0.0771
1986-06-30,1768.6045,0.016899135,0.005250306,0.078
1986-07-31,1669.6828,-0.055932064,0.005210149,0.073
1986-08-29,1793.5018,0.074157199,0.004607941,0.0717
1986-09-30,1645.2311,-0.082671063,0.004487532,0.0745
1986-10-31,1740.11,0.057669041,0.00464808,0.0743
1986-11-28,1782.4038,0.024305245,0.003885649,0.0725
1986-12-31,1736.9175,-0.025519638,0.004888938,0.0711
1987-01-30,1970.8065,0.134657518,0.004166494,0.0708
1987-02-27,2048.6809,0.039513976,0.004327003,0.0725
1987-03-31,2107.7913,0.028852907,0.00468822,0.0725
1987-04-30,2089.0763,-0.008878963,0.004447398,0.0802
1987-05-29,2107.188,0.008669717,0.003765305,0.0861
1987-06-30,2213.6006,0.050499813,0.004808647,0.084
1987-07-31,2325.737,0.050657919,0.004567804,0.0845
1987-08-31,2412.516,0.037312473,0.004728361,0.0876
1987-09-30,2359.6279,-0.021922383,0.004527667,0.0942
1987-10-30,1851.4534,-0.215362134,0.005973334,0.0952
1987-11-30,1698.8752,-0.08240996,0.00344444,0.0886
1987-12-31,1828.1166,0.076074688,0.003925766,0.0899
1988-01-29,1905.0112,0.042062197,0.002923199,0.0867
1988-02-29,1993.8131,0.046614897,0.004567804,0.0821
1988-03-31,1932.2186,-0.030892815,0.004407265,0.0837
1988-04-29,1953.5899,0.011060498,0.004607941,0.0872
1988-05-31,1970.4869,0.008649205,0.005049534,0.0909
1988-06-30,2060.9131,0.045890282,0.004848792,0.0892
1988-07-29,2053.0984,-0.003791863,0.005089686,0.0906
1988-08-31,1983.3602,-0.033967295,0.005933155,0.0926
1988-09-30,2067.862,0.042605372,0.006174244,0.0898
1988-10-31,2125.4383,0.027843396,0.006093876,0.088
1988-11-30,2095.1477,-0.014251461,0.00565194,0.0896
1988-12-30,2131.698,0.017445214,0.006334994,0.0911
1989-01-31,2287.5138,0.073094688,0.005531437,0.0909
1989-02-28,2230.5076,-0.024920593,0.00613406,0.0917
1989-03-31,2282.5421,0.023328546,0.006696752,0.0936
1989-04-28,2401.0525,0.051920357,0.006736953,0.0918
1989-05-31,2498.195,0.040458299,0.00786308,0.0886
1989-06-30,2484.0256,-0.005671855,0.00709882,0.0828
1989-07-31,2708.311,0.090291098,0.006937978,0.0802
1989-08-31,2761.2564,0.019549232,0.007380339,0.0811
1989-09-29,2750.0522,-0.004057646,0.006535959,0.0819
1989-10-31,2686.1967,-0.023219741,0.006777156,0.0801
1989-11-30,2740.9795,0.020394188,0.006857565,0.0787
1989-12-29,2806.8034,0.024014736,0.006053694,0.0784
1990-01-31,2618.3534,-0.067140435,0.00565194,0.0821
1990-02-28,2651.9387,0.012826878,0.00569211,0.0847
1990-03-30,2722.0879,0.026452044,0.006455569,0.0859
1990-04-30,2653.9788,-0.025020904,0.006857565,0.0879
1990-05-31,2912.4988,0.097408465,0.006777156,0.0876
1990-06-29,2892.7735,-0.006772638,0.006254617,0.0848
1990-07-31,2883.3931,-0.003242701,0.006777156,0.0847
1990-08-31,2622.5594,-0.09046068,0.006576155,0.0875
1990-09-28,2494.7762,-0.048724616,0.005973334,0.0889
1990-10-31,2484.0723,-0.004290525,0.00681736,0.0872
1990-11-30,2644.4671,0.064569296,0.00565194,0.0839
1990-12-31,2717.9947,0.027804316,0.005973334,0.0808
1991-01-31,2836.2187,0.043496774,0.005169993,0.0809
1991-02-28,3038.8015,0.071427073,0.004768503,0.0785
1991-03-29,3112.4638,0.024240576,0.004407265,0.0811
1991-04-30,3119.6439,0.002306886,0.005330623,0.0804
1991-05-31,3254.216,0.043137007,0.004728361,0.0807
1991-06-28,3105.0968,-0.045823387,0.004166494,0.0828
1991-07-31,3249.7496,0.046585601,0.004888938,0.0827
1991-08-30,3326.3591,0.02357397,0.004607941,0.079
1991-09-30,3270.6942,-0.016734483,0.004567804,0.0765
1991-10-31,3314.6305,0.013433326,0.004246746,0.0753
1991-11-29,3180.9218,-0.040338946,0.003925766,0.0742
1991-12-31,3544.5443,0.114313562,0.003805418,0.0709
1992-01-31,3478.5022,-0.018632042,0.003404337,0.0703
1992-02-28,3523.5097,0.012938759,0.002843026,0.0734
1992-03-31,3454.9628,-0.019454154,0.003364236,0.0754
1992-04-30,3556.3803,0.029354151,0.003243939,0.0748
1992-05-29,3574.0781,0.004976352,0.002762858,0.0739
1992-06-30,3520.9106,-0.014875864,0.003203842,0.0726
1992-07-31,3664.7445,0.040851335,0.003083559,0.0684
1992-08-31,3589.7169,-0.020472805,0.002602536,0.0659
1992-09-30,3631.9103,0.011753963,0.002562459,0.0642
1992-10-30,3644.4442,0.003451049,0.00228195,0.0659
1992-11-30,3768.5119,0.034042969,0.002362089,0.0687
1992-12-31,3814.6989,0.012256031,0.002802941,0.0677
1993-01-29,3846.5922,0.008360634,0.002322019,0.066
1993-02-26,3898.9906,0.013622031,0.002201816,0.0626
1993-03-31,3981.3043,0.021111541,0.002522382,0.0598
1993-04-30,3885.0638,-0.024173108,0.002362089,0.0597
1993-05-31,3988.8903,0.026724529,0.00216175,0.0604
1993-06-30,4000.5011,0.002910784,0.002522382,0.0596
1993-07-30,3984.4268,-0.004018072,0.002402161,0.0581
1993-08-31,4135.5329,0.037924175,0.002522382,0.0568
1993-09-30,4103.6572,-0.007707761,0.002562459,0.0536
1993-10-29,4188.5452,0.020685938,0.002201816,0.0533
1993-11-30,4148.6098,-0.009534432,0.002482307,0.0572
1993-12-31,4198.6688,0.012066452,0.00228195,0.0577
1994-01-31,4341.4375,0.034003325,0.002522382,0.0575
1994-02-28,4223.5949,-0.027143682,0.002121686,0.0597
1994-03-31,4039.5224,-0.04358195,0.002682695,0.0648
1994-04-29,4091.3172,0.012822011,0.002722776,0.0697
1994-05-31,4158.4749,0.016414689,0.003163747,0.0718
1994-06-30,4056.622,-0.02449285,0.003123652,0.071
1994-07-29,4189.694,0.032803648,0.002762858,0.073
1994-08-31,4361.468,0.040999176,0.003685082,0.0724
1994-09-30,4254.7093,-0.024477699,0.003644972,0.0746
1994-10-31,4350.3056,0.022468351,0.003845533,0.0774
1994-11-30,4191.8742,-0.036418453,0.003685082,0.0796
1994-12-30,4253.8371,0.01478167,0.004447398,0.0781
1995-01-31,4364.1487,0.025932258,0.004166494,0.0778
1995-02-28,4534.2256,0.038971381,0.003965884,0.0747
1995-03-31,4667.9963,0.029502436,0.004607941,0.072
1995-04-28,4805.4503,0.029446039,0.004447398,0.0706
1995-05-31,4997.4122,0.039946704,0.005370783,0.0663
1995-06-30,5113.4656,0.023222699,0.004728361,0.0617
1995-07-31,5283.0291,0.033160192,0.004527667,0.0628
1995-08-31,5296.1535,0.002484257,0.00464808,0.0649
1995-09-29,5519.6768,0.042204838,0.004327003,0.062
1995-10-31,5499.8899,-0.003584793,0.004728361,0.0604
1995-11-30,5741.1902,0.04387366,0.00420662,0.0593
1995-12-29,5851.5385,0.019220457,0.004888938,0.0571
1996-01-31,6050.3375,0.0339738,0.004286874,0.0565
1996-02-29,6106.3625,0.009259814,0.003925766,0.0581
1996-03-29,6165.1308,0.009624109,0.003925766,0.0627
1996-04-30,6255.824,0.014710669,0.004567804,0.0651
1996-05-31,6416.7168,0.025718882,0.004246746,0.0674
1996-06-28,6441.0878,0.003798048,0.004006004,0.0691
1996-07-31,6156.3617,-0.044204661,0.004487532,0.0687
1996-08-30,6286.2444,0.021097315,0.00412637,0.0664
1996-09-30,6640.0857,0.056288187,0.004367134,0.0683
1996-10-31,6823.1108,0.027563665,0.004246746,0.0653
1996-11-29,7338.8079,0.075580936,0.004086247,0.062
1996-12-31,7193.2489,-0.019834148,0.004607941,0.063
1997-01-31,7642.5224,0.062457661,0.004487532,0.0658
1997-02-28,7702.4237,0.007837897,0.003845533,0.0642
1997-03-31,7385.9674,-0.041085289,0.004286874,0.0669
1997-04-30,7826.689,0.059670125,0.004327003,0.0689
1997-05-30,8303.1739,0.060879498,0.004929085,0.0671
1997-06-30,8675.1824,0.044803169,0.003685082,0.0649
1997-07-31,9365.0293,0.079519585,0.004286874,0.0622
1997-08-29,8840.1057,-0.056051464,0.00412637,0.063
1997-09-30,9324.2329,0.054764866,0.004447398,0.0621
1997-10-31,9012.736,-0.033407241,0.00420662,0.0603
1997-11-28,9430.0215,0.046299537,0.003925766,0.0588
1997-12-31,9591.763,0.017151764,0.004768503,0.0581
1998-01-30,9697.7473,0.011049512,0.004286874,0.0554
1998-02-27,10397.1867,0.072123904,0.003925766,0.0557
1998-03-31,10929.5315,0.05120085,0.003965884,0.0565
1998-04-30,11039.2268,0.010036597,0.004286874,0.0564
1998-05-29,10849.1451,-0.017218751,0.004046125,0.0565
1998-06-30,11289.7272,0.040609845,0.004086247,0.055
1998-07-31,11169.3824,-0.010659673,0.004006004,0.0546
1998-08-31,9554.4839,-0.144582614,0.004286874,0.0534
1998-09-30,10166.5916,0.064064967,0.004567804,0.0481
1998-10-30,10993.4483,0.081330768,0.003243939,0.0453
1998-11-30,11659.7127,0.060605588,0.003083559,0.0483
1998-12-31,12331.3475,0.057603032,0.003765305,0.0465
1999-01-29,12846.9981,0.041816241,0.003524649,0.0472
1999-02-26,12447.6321,-0.031086328,0.003564755,0.05
1999-03-31,12945.6337,0.040007738,0.004246746,0.0523
1999-04-30,13446.8523,0.038717193,0.003725193,0.0518
1999-05-31,13129.2821,-0.023616694,0.003404337,0.0554
1999-06-30,13857.9233,0.055497414,0.003965884,0.059
1999-07-30,13425.0822,-0.031234197,0.003805418,0.0579
1999-08-31,13358.8271,-0.004935173,0.003885649,0.0594
1999-09-30,12992.587,-0.027415588,0.003885649,0.0592
1999-10-29,13814.674,0.063273542,0.003885649,0.0611
1999-11-30,14095.4427,0.020323947,0.003604863,0.0603
1999-12-31,14925.4169,0.05888245,0.004367134,0.0628
2000-01-31,14175.5279,-0.050242416,0.00412637,0.0666
2000-02-29,13907.0719,-0.01893799,0.004327003,0.0652
2000-03-31,15267.6108,0.097830723,0.00468822,0.0626
2000-04-28,14808.1823,-0.030091709,0.004607941,0.0599
2000-05-31,14504.279,-0.020522661,0.005049534,0.0644
2000-06-30,14861.8473,0.024652608,0.003965884,0.061
2000-07-31,14630.4012,-0.015573172,0.004808647,0.0605
2000-08-31,15539.1661,0.062114831,0.005049534,0.0583
2000-09-29,14718.7641,-0.052795755,0.005089686,0.058
2000-10-31,14656.4592,-0.004233025,0.005611771,0.0574
2000-11-30,13501.017,-0.078835016,0.005089686,0.0572
2000-12-29,13566.9998,0.004887247,0.005049534,0.0524
2001-01-31,14048.3401,0.035478758,0.005370783,0.0516
2001-02-28,12767.2791,-0.091189492,0.003765305,0.051
2001-03-30,11958.4761,-0.063349676,0.004166494,0.0489
2001-04-30,12887.6713,0.077701807,0.003925766,0.0514
2001-05-31,12974.0048,0.006698922,0.003243939,0.0539
2001-06-29,12658.1485,-0.02434532,0.002802941,0.0528
2001-07-31,12533.4159,-0.009853937,0.003003377,0.0524
2001-08-31,11748.8358,-0.062599064,0.003083559,0.0497
2001-09-28,10799.9359,-0.080765441,0.002762858,0.0473
2001-10-31,11005.7146,0.019053696,0.002241882,0.0457
2001-11-30,11850.0228,0.076715437,0.001761162,0.0465
2001-12-31,11953.8231,0.008759502,0.001480822,0.0509
2002-01-31,11779.484,-0.01458438,0.001400735,0.0504
2002-02-28,11552.0614,-0.019306669,0.001280615,0.0491
2002-03-29,11986.5235,0.037609054,0.001320654,0.0528
2002-04-30,11259.6332,-0.060642295,0.001520867,0.0521
2002-05-31,11176.6772,-0.007367558,0.001440778,0.0516
2002-06-28,10381.4462,-0.071150932,0.001280615,0.0493
2002-07-31,9572.2486,-0.07794652,0.001560913,0.0465
2002-08-30,9634.8893,0.00654399,0.001400735,0.0426
2002-09-30,8587.7543,-0.108681581,0.001440778,0.0387
2002-10-31,9343.6395,0.08801896,0.001360694,0.0394
2002-11-29,9893.5921,0.058858499,0.001160505,0.0405
2002-12-31,9312.323,-0.058752079,0.00112047,0.0403
2003-01-31,9068.3641,-0.026197427,0.000960346,0.0405
2003-02-28,8932.3012,-0.015004128,0.00088029,0.039
2003-03-31,9018.9417,0.009699684,0.001000375,0.0381
2003-04-30,9761.6652,0.082351514,0.000960346,0.0396
2003-05-30,10275.9284,0.052681913,0.00088029,0.0357
2003-06-30,10406.921,0.01274752,0.001000375,0.0333
2003-07-31,10590.0553,0.017597357,0.000680173,0.0398
2003-08-29,10796.4838,0.019492674,0.000680173,0.0445
2003-09-30,10681.8285,-0.010619689,0.000840265,0.0427
2003-10-31,11285.6072,0.056523909,0.000720194,0.0429
2003-11-28,11384.7222,0.008782425,0.000720194,0.043
2003-12-31,11981.7171,0.052438249,0.00080024,0.0427
2004-01-30,12201.6265,0.018353747,0.000680173,0.0415
2004-02-27,12371.1025,0.013889624,0.000640154,0.0408
2004-03-31,12184.4497,-0.015087806,0.00088029,0.0383
2004-04-30,11993.2513,-0.015692001,0.00080024,0.0435
2004-05-31,12157.642,0.013706934,0.000600135,0.0472
2004-06-30,12394.1292,0.019451732,0.000840265,0.0473
2004-07-30,11983.8831,-0.033100034,0.000960346,0.045
2004-08-31,12032.2572,0.004036596,0.00112047,0.0428
2004-09-30,12162.5019,0.010824627,0.001160505,0.0413
2004-10-29,12348.3571,0.015281001,0.00112047,0.041
2004-11-30,12847.9343,0.040456977,0.001560913,0.0419
2004-12-31,13284.8099,0.034003567,0.001641009,0.0423
2005-01-31,12960.9768,-0.024376194,0.001641009,0.0422
2005-02-28,13233.7046,0.021042226,0.001641009,0.0417
2005-03-31,12999.3538,-0.017708632,0.002121686,0.045
2005-04-29,12752.85,-0.018962773,0.002041561,0.0434
2005-05-31,13158.6019,0.031816566,0.002402161,0.0414
2005-06-30,13177.306,0.001421435,0.00228195,0.04
2005-07-29,13667.3258,0.037186645,0.002362089,0.0418
2005-08-31,13542.6367,-0.009123153,0.003003377,0.0426
2005-09-30,13652.3195,0.008099073,0.002843026,0.042
2005-10-31,13424.7861,-0.016666282,0.002722776,0.0446
2005-11-30,13932.5015,0.037819254,0.003123652,0.0454
2005-12-30,13936.6869,0.000300405,0.003163747,0.0447
2006-01-31,14305.7912,0.026484365,0.003484544,0.0442
2006-02-28,14344.4671,0.002703514,0.003364236,0.0457
2006-03-31,14522.8822,0.012437904,0.003685082,0.0472
2006-04-28,14717.8463,0.013424615,0.003564755,0.0499
2006-05-31,14294.2691,-0.028779836,0.004327003,0.0511
2006-06-30,14313.2209,0.001325832,0.003965884,0.0511
2006-07-31,14401.5576,0.006171686,0.003965884,0.0509
2006-08-31,14744.2373,0.023794628,0.00420662,0.0488
2006-09-29,15123.8381,0.025745706,0.004086247,0.0472
2006-10-31,15616.6007,0.032581848,0.004046125,0.0473
2006-11-30,15913.5885,0.019017442,0.004246746,0.046
2006-12-29,16135.4371,0.013940828,0.004046125,0.0456
2007-01-31,16379.429,0.015121493,0.004447398,0.0476
2007-02-28,16059.1337,-0.019554729,0.003845533,0.0472
2007-03-30,16238.5073,0.011169569,0.004246746,0.0456
2007-04-30,16957.8719,0.044299922,0.004367134,0.0469
2007-05-31,17549.4471,0.03488499,0.004046125,0.0475
2007-06-29,17257.727,-0.016622752,0.003965884,0.051
2007-07-31,16722.6987,-0.031002246,0.003965884,0.05
2007-08-31,16973.3362,0.014987862,0.004166494,0.0467
2007-09-28,17607.9436,0.037388489,0.003243939,0.0452
2007-10-31,17888.023,0.015906423,0.003203842,0.0453
2007-11-30,17154.061,-0.041030918,0.003404337,0.0415
2007-12-31,17034.3983,-0.006975765,0.002722776,0.041
2008-01-31,16012.6261,-0.059982876,0.00216175,0.0374
2008-02-29,15492.379,-0.032489805,0.001320654,0.0374
2008-03-31,15425.4017,-0.004323242,0.00172111,0.0351
2008-04-30,16176.7498,0.048708495,0.001761162,0.0368
2008-05-30,16386.2783,0.012952447,0.001801215,0.0388
2008-06-30,15004.7226,-0.084311744,0.00172111,0.041
2008-07-31,14878.5896,-0.00840622,0.001520867,0.0401
2008-08-29,15093.8382,0.014467003,0.001280615,0.0389
2008-09-30,13748.7459,-0.089115325,0.001520867,0.0369
2008-10-31,11439.6328,-0.167950817,0.00080024,0.0381
2008-11-28,10618.8624,-0.071747967,0.000280029,0.0353
2008-12-31,10731.6932,0.010625507,0,0.0242
2009-01-30,9827.1909,-0.08428328,0,0.0252
2009-02-27,8780.8045,-0.106478689,0.000120005,0.0287
2009-03-31,9549.9943,0.087599012,0.00016001,0.0282
2009-04-30,10463.8304,0.095689701,0.000120005,0.0293
2009-05-29,11048.763,0.055900428,4.00006000043085e-05,0.0329
2009-06-30,11070.6306,0.00197919,8.00024000315869e-05,0.0372
2009-07-31,11907.9133,0.075630985,0.000120005,0.0356
2009-08-31,12337.5995,0.036084089,0.000120005,0.0359
2009-09-30,12797.9289,0.037311099,8.00024000315869e-05,0.034
2009-10-30,12560.0556,-0.018586859,4.00006000043085e-05,0.0339
2009-11-30,13312.919,0.059941088,0,0.034
2009-12-31,13570.0265,0.019312632,4.00006000043085e-05,0.0359
2010-01-29,13081.9013,-0.035970836,4.00006000043085e-05,0.0373
2010-02-26,13486.8607,0.030955699,0,0.0369
2010-03-31,14300.7533,0.060347075,8.00024000315869e-05,0.0373
2010-04-30,14526.4245,0.015780372,0.000120005,0.0385
2010-05-31,13366.5221,-0.079847756,0.000120005,0.0342
2010-06-30,12666.715,-0.052355212,0.000120005,0.032
2010-07-30,13554.1317,0.070058946,0.00016001,0.0301
2010-08-31,12942.207,-0.045146728,0.000120005,0.027
2010-09-30,14097.1686,0.089239926,0.000120005,0.0265
2010-10-29,14633.5398,0.038048151,0.000120005,0.0254
2010-11-30,14635.3023,0.000120442,0.000120005,0.0276
2010-12-31,15613.4893,0.066837499,0.000120005,0.0329
2011-01-31,15983.4867,0.023697291,8.00024000315869e-05,0.0339
2011-02-28,16530.9326,0.034250718,0.000120005,0.0358
2011-03-31,16537.6013,0.000403407,8.00024000315869e-05,0.0341
2011-04-29,17027.2261,0.02960676,4.00006000043085e-05,0.0346
2011-05-31,16834.435,-0.01132252,0,0.0317
2011-06-30,16553.7986,-0.016670378,4.00006000043085e-05,0.03
2011-07-29,16217.0817,-0.020340763,-4.00E-05,0.03
2011-08-31,15336.0053,-0.054330145,8.00024000315869e-05,0.023
2011-09-30,14257.9399,-0.070296363,0,0.0198
2011-10-31,15816.2164,0.109291841,0,0.0215
2011-11-30,15781.1041,-0.002220019,0,0.0201
2011-12-30,15942.2369,0.01021049,0,0.0198
2012-01-31,16656.6436,0.044812199,0,0.0197
2012-02-29,17376.918,0.043242469,4.00006000043085e-05,0.0197
2012-03-30,17947.8078,0.03285334,4.00006000043085e-05,0.0217
2012-04-30,17835.0453,-0.006282801,4.00006000043085e-05,0.0205
2012-05-31,16763.1687,-0.06009946,8.00024000315869e-05,0.018
2012-06-29,17453.8842,0.041204352,4.00006000043085e-05,0.0162
2012-07-31,17696.2465,0.013885866,4.00006000043085e-05,0.0153
2012-08-31,18094.9867,0.022532473,4.00006000043085e-05,0.0168
2012-09-28,18562.5346,0.025838532,8.00024000315869e-05,0.0172
2012-10-31,18219.7973,-0.018463928,8.00024000315869e-05,0.0175
2012-11-30,18325.2778,0.005789334,8.00024000315869e-05,0.0165
2012-12-31,18491.3775,0.009063966,0.000120005,0.0172
2013-01-31,19449.0568,0.051790587,0,0.0191
2013-02-28,19712.9521,0.01356854,4.00006000043085e-05,0.0198
2013-03-29,20452.2826,0.037504809,4.00006000043085e-05,0.0196
2013-04-30,20846.2899,0.01926471,4.00006000043085e-05,0.0176
2013-05-31,21333.5026,0.023371674,0,0.0193
2013-06-28,21047.0746,-0.013426206,0,0.023
2013-07-31,22118.0303,0.050883827,0,0.0258
2013-08-30,21477.0476,-0.028980099,0,0.0274
2013-09-30,22150.616,0.031362244,0,0.0281
2013-10-31,23168.723,0.04596292,4.00006000043085e-05,0.0262
2013-11-29,23874.4096,0.030458589,4.00006000043085e-05,0.0272
2013-12-31,24477.1895,0.02524795,4.00006000043085e-05,0.029
2014-01-31,23630.909,-0.034574251,4.00006000043085e-05,0.0286
2014-02-28,24711.4481,0.045725668,4.00006000043085e-05,0.0271
2014-03-31,24919.2213,0.008407973,4.00006000043085e-05,0.0272
2014-04-30,25103.3586,0.007389368,0,0.0271
2014-05-30,25692.2091,0.023457041,0,0.0256
2014-06-30,26222.9658,0.020658274,4.00006000043085e-05,0.026
2014-07-31,25861.2912,-0.013792284,0,0.0254
2014-08-29,26895.5556,0.03999276,0,0.0242
2014-09-30,26518.4537,-0.014020975,0,0.0253
2014-10-31,27166.0432,0.024420334,0,0.023
2014-11-28,27896.0552,0.026872224,0,0.0233
2014-12-31,27824.2719,-0.002573242,0,0.0221
2015-01-30,26989.0342,-0.030018313,0,0.0188
2015-02-27,28539.82,0.057459848,0,0.0198
2015-03-31,28088.5584,-0.015811648,0,0.0204
2015-04-30,28357.6609,0.009580502,4.00006000043085e-05,0.0194
2015-05-29,28722.3755,0.012861237,0,0.022
2015-06-30,28166.3622,-0.019358193,0,0.0236
2015-07-31,28756.5709,0.020954382,0,0.0232
2015-08-31,27021.2005,-0.060346917,4.00006000043085e-05,0.0217
2015-09-30,26352.7117,-0.024739419,0,0.0217
2015-10-30,28575.6212,0.084352211,0,0.0207
2015-11-30,28660.3479,0.002964999,4.00006000043085e-05,0.0226
2015-12-31,28205.7266,-0.015862379,0.000120005,0.0224
2016-01-29,26806.0022,-0.04962554,8.00024000315869e-05,0.0209
2016-02-29,26769.5749,-0.001358923,0.000200015,0.0178
2016-03-31,28585.5049,0.067835593,0.000200015,0.0189
2016-04-29,28696.3911,0.003879106,8.00024000315869e-05,0.0181
2016-05-31,29211.311,0.017943716,0.000120005,0.0181
2016-06-30,29287.1248,0.002595358,0.000200015,0.0164
2016-07-29,30366.7812,0.036864541,0.000200015,0.015
2016-08-31,30409.5142,0.001407229,0.000200015,0.0156
2016-09-30,30414.8822,0.000176524,0.000200015,0.0163
2016-10-31,29860.0613,-0.018241757,0.00016001,0.0176
2016-11-30,30965.967,0.037036284,0.00016001,0.0214
2016-12-30,31575.6675,0.019689374,0.000240022,0.0249
2017-01-31,32174.5418,0.018966323,0.000360049,0.0243
2017-02-28,33452.0416,0.039705299,0.000360049,0.0242
2017-03-31,33490.7564,0.001157322,0.000320038,0.0248
2017-04-28,33834.7418,0.010271055,0.000560118,0.023
2017-05-31,34310.8649,0.014072018,0.000640154,0.023
2017-06-30,34524.6875,0.006231921,0.000600135,0.0219
2017-07-31,35234.5912,0.020562205,0.000720194,0.0232
2017-08-31,35342.4491,0.003061137,0.000840265,0.0221
2017-09-29,36071.2016,0.020619751,0.000960346,0.022
2017-10-31,36912.8778,0.023333744,0.000840265,0.0236
2017-11-30,38045.0454,0.030671345,0.000840265,0.0235
2017-12-29,38465.0285,0.011039101,0.00088029,0.024
2018-01-31,40666.4656,0.057232171,0.001160505,0.0258
2018-02-28,39167.5094,-0.036859761,0.001160505,0.0286
2018-03-30,38171.9046,-0.02541915,0.001160505,0.0284
2018-04-30,38318.3237,0.003835782,0.001440778,0.0287
2018-05-31,39240.9264,0.024077324,0.001400735,0.02976
2018-06-29,39482.1657,0.006147645,0.001360694,0.0291
2018-07-31,40951.5121,0.037215446,0.00160096,0.0289
2018-08-31,42285.8414,0.032583151,0.001641009,0.0289
2018-09-28,42526.2104,0.005684385,0.001480822,0.03
2018-10-31,39619.4474,-0.06835227,0.001961441,0.0315
2018-11-30,40426.7097,0.020375405,0.001761162,0.0312
2018-12-31,36774.615,-0.090338658,0.002041561,0.0283
2019-01-31,39721.5257,0.080134373,0.002081623,0.0271
2019-02-28,40996.9025,0.032107951,0.00184127,0.0268
2019-03-29,41793.2808,0.019425329,0.001921383,0.0257
2019-04-30,43485.4602,0.040489269,0.002081623,0.0253
2019-05-31,40722.0083,-0.063548871,0.002081623,0.024
2019-06-28,43591.6906,0.070470058,0.00184127,0.0206
2019-07-31,44218.2216,0.014372716,0.001921383,0.0163
2019-08-30,43517.802,-0.015840067,0.001641009,0.0163
2019-09-30,44331.7828,0.018704548,0.001761162,0.017
2019-10-31,45291.8896,0.021657302,0.001560913,0.0171
2019-11-29,46935.9808,0.036299903,0.001240577,0.0181
2019-12-31,48349.1876,0.030109242,0.001400735,0.0186
2020-01-31,48327.9444,-0.00043937,0.001280615,0.0176
2020-02-28,44349.5214,-0.082321378,0.00120054,0.015
2020-03-31,38871.5345,-0.123518512,0.001320654,0.0087
2020-04-30,43854.6277,0.12819389,4.00006000043085e-05,0.0066
2020-05-29,45943.4198,0.047629913,8.00024000315869e-05,0.0067
2020-06-30,46856.8391,0.019881396,0.000120005,0.0073
2020-07-31,49498.717,0.056381906,0.000120005,0.0062
2020-08-31,53056.8122,0.071882574,8.00024000315869e-05,0.0065
2020-09-30,51040.5544,-0.038001865,8.00024000315869e-05,0.0068
2020-10-30,49683.1916,-0.02659381,8.00024000315869e-05,0.0079
2020-11-30,55121.6069,0.109461875,8.00024000315869e-05,0.0087
2020-12-31,57239.042,0.038413886,8.00024000315869e-05,0.0093
2021-01-29,56656.4958,-0.010177427,4.00006000043085e-05,0.0108
2021-02-26,58218.84,0.027575729,4.00006000043085e-05,0.0126
2021-03-31,60768.083,0.043787252,4.00006000043085e-05,0.0161
2021-04-30,64011.1611,0.053368116,0,0.0164
2021-05-31,64458.0592,0.006981565,0,0.0162
2021-06-30,65962.6297,0.023341852,0,0.0152
2021-07-30,67529.4517,0.023753177,4.00006000043085e-05,0.0132
2021-08-31,69582.7915,0.030406582,4.00006000043085e-05,0.0128
2021-09-30,66345.5306,-0.046523872,4.00006000043085e-05,0.0137
2021-10-29,70993.1186,0.07005126,4.00006000043085e-05,0.0158
2021-11-30,70499.6978,-0.006950262,4.00006000043085e-05,0.0156
2021-12-31,73654.4633,0.044748639,8.00024000315869e-05,0.0147
2022-01-31,69842.9488,-0.051748588,0,0.0176
2022-02-28,67749.7431,-0.029970179,4.00006000043085e-05,0.0193
2022-03-31,70265.192,0.037128538,4.00006000043085e-05,0.0213
2022-04-29,64138.0431,-0.087200344,0.000120005,0.0275
2022-05-31,64255.7556,0.001835299,0.000280029,0.029
2022-06-30,58949.772,-0.082576005,0.000600135,0.0314
2022-07-29,64385.3518,0.092206969,0.00080024,0.029
2022-08-31,61759.5486,-0.040782618,0.001881326,0.029
2022-09-30,56070.0194,-0.092123879,0.001921383,0.0352
2022-10-31,60609.6372,0.080963371,0.002322019,0.0398
2022-11-30,63996.7557,0.055884157,0.002963287,0.0389
2022-12-30,60303.2003,-0.057714729,0.003324136,0.0362
2023-01-31,64091.9731,0.062828719,0.003484544,0.0353
2023-02-28,62522.3153,-0.024490708,0.00344444,0.0375
2023-03-31,64816.624,0.036695837,0.003644972,0.0366
2023-04-28,65828.3282,0.015608715,0.003484544,0.0346
2023-05-31,66314.16248,0.007380322,0.0036,0.0357
2023-06-30,69591.75435,0.049425217,0.004,0.0375
2023-07-31,72289.42827,0.038764275,0.0045,0.039
2023-08-31,71568.51104,-0.009972651,0.0045,0.0417
2023-09-29,70886.31906,-0.009532013,0.0043,0.0438
2023-10-31,68733.72236,-0.030366885,0.0047,0.048
2023-11-30,71897.10134,0.046023682,0.0044,0.045
2023-12-29,75618.39745,0.051758639,0.0043,0.0402
2024-01-31,77820.51543,0.029121458,0.0047,0.0406
2024-02-29,81088.64411,0.041995721,0.0042,0.0421
2024-03-29,83750.30495,0.032824089,0.0043,0.0421
2024-04-30,82905.67489,-0.010085098,0.0047,0.0454
2024-05-31,84992.69122,0.025173383,0.0044,0.0448
2024-06-28,88010.94727,0.035511948,0.0041,0.0431
2024-07-31,90105.95268,0.023803918,0.0045,0.0425
2024-08-30,89232.01849,-0.009698962,0.0048,0.0387
2024-09-30,91661.65713,0.027228328,0.004,0.0372
2024-10-31,94551.37696,0.031525939,0.0039,0.041
2024-11-29,96898.58777,0.024824713,0.004,0.0436
2024-12-31,98323.95828,0.01470992,0.0037,0.0439
2025-01-31,97913.04627,-0.004179165,0.0037,0.0463
2025-02-28,98985.32142,0.0109513,0.0033,0.0445
2025-03-31,93275.03528,-0.057688211,0.0034,0.0428
2025-04-30,88218.9242,-0.054206477,0.0035,0.0428
2025-05-30,95576.71495,0.083403769,0.0038,0.0442
2025-06-30,99285.32393,0.038802432,0.0034,0.0438
2025-07-31,103780.7609,0.04527796,0.0034,0.0439
2025-08-29,105741.4943,0.018893034,0.0038,0.0426
2025-09-30,108737.8608,0.028336714,0.0033,0.0412
2025-10-31,111351.3036,0.024034341,0.0037,0.0406
2025-11-28,111546.2406,0.001750648,0.003,0.0409
2025-12-31,113511.5517,0.017618802,0.0034,0.0414
2026-01-30,114882.1442,0.012074476,0.003,0.0421
2026-02-27,114407.2701,-0.004133577,0.0028,0.0413
2026-03-31,110545.6239,-0.033753504,0.0029,0.0425
2026-04-30,115683.5891,0.046478232,0.0029,0.0432
2026-05-29,123369.8961,0.066442502,0.003091667,0.0448
